{
"DEM_name": "USGS/NED", 
"basethick": 1, 
"bllat": 44.50185267072875, 
"bllon": -108.25427910156247, 
"fileformat": "STLb", 
"ntilesx": 1, 
"ntilesy": 1, 
"printres": 0.5, 
"tile_centered": true, 
"tilewidth": 80, 
"trlat": 44.69741706507476, 
"trlon": -107.97962089843747, 
"zip_file_name": "terrain", 
"zscale": 1.0
}